{
    "Ar36": {
        "error": 0.00049788614099031969, 
        "fit": "parabolic", 
        "value": 0.042261625943539605
    }, 
    "Ar37": {
        "error": 0.015041300051759588, 
        "fit": "linear", 
        "value": -0.023875281934760885
    }, 
    "Ar38": {
        "error": 0.011848540766706153, 
        "fit": "linear", 
        "value": 1.8115724563993647
    }, 
    "Ar39": {
        "error": 0.022866490803868225, 
        "fit": "parabolic", 
        "value": 144.62036872387034
    }, 
    "Ar40": {
        "error": 0.093060663597005003, 
        "fit": "parabolic", 
        "value": 1988.0438409804665
    }, 
    "Ar41": {
        "error": 0.0059424300933325989, 
        "fit": "average", 
        "value": 0.029912516198673984
    }
}