{
    "Ar36": {
        "error": 0.00034485718019303596, 
        "fit": "linear", 
        "value": 0.017466438131338337
    }, 
    "Ar37": {
        "error": 0.025820466129229658, 
        "fit": "linear", 
        "value": 0.29706685354189893
    }, 
    "Ar38": {
        "error": 0.032781825143671811, 
        "fit": "linear", 
        "value": 1.6808663618963093
    }, 
    "Ar39": {
        "error": 0.022332986478998992, 
        "fit": "linear", 
        "value": 149.51744063841966
    }, 
    "Ar40": {
        "error": 0.08602884452867357, 
        "fit": "linear", 
        "value": 1261.1997108202731
    }, 
    "Ar41": {
        "error": 0.010555333436365787, 
        "fit": "average", 
        "value": -0.0097740776472104093
    }
}