{
    "Ar36": {
        "error": 0.00026194325324170592, 
        "fit": "linear", 
        "value": 0.011740177426213562
    }, 
    "Ar37": {
        "error": 0.024279106038059176, 
        "fit": "linear", 
        "value": 0.46532546395446051
    }, 
    "Ar38": {
        "error": 0.035471688587733773, 
        "fit": "linear", 
        "value": 2.7535120582022188
    }, 
    "Ar39": {
        "error": 0.027154583751126688, 
        "fit": "linear", 
        "value": 227.15526031951708
    }, 
    "Ar40": {
        "error": 0.097876743594660851, 
        "fit": "linear", 
        "value": 1911.6254903962345
    }, 
    "Ar41": {
        "error": 0.008771446230226812, 
        "fit": "average", 
        "value": 0.0090187661900805929
    }
}