{
    "Ar36": {
        "error": 0.00024072253507751519, 
        "fit": "linear", 
        "value": 0.0065909456507580923
    }, 
    "Ar37": {
        "error": 0.026507340650011296, 
        "fit": "linear", 
        "value": 0.58825209149002666
    }, 
    "Ar38": {
        "error": 0.032613300931917319, 
        "fit": "linear", 
        "value": 2.9953131632209034
    }, 
    "Ar39": {
        "error": 0.027754064899841252, 
        "fit": "linear", 
        "value": 252.47357108588727
    }, 
    "Ar40": {
        "error": 0.11015193198375969, 
        "fit": "linear", 
        "value": 2130.8820876719064
    }, 
    "Ar41": {
        "error": 0.010540087560501402, 
        "fit": "average", 
        "value": -0.0016202532090634728
    }
}