{
    "Ar36": {
        "error": 0.0005075751978040312, 
        "fit": "linear", 
        "value": 0.047917990600473775
    }, 
    "Ar37": {
        "error": 0.026240542993119845, 
        "fit": "linear", 
        "value": 0.59343172172779934
    }, 
    "Ar38": {
        "error": 0.029234747808852983, 
        "fit": "linear", 
        "value": 2.5927123940321537
    }, 
    "Ar39": {
        "error": 0.028364737867055251, 
        "fit": "linear", 
        "value": 219.20177995906928
    }, 
    "Ar40": {
        "error": 0.10018179186482372, 
        "fit": "linear", 
        "value": 1870.4595360945705
    }, 
    "Ar41": {
        "error": 0.010133694168360003, 
        "fit": "average", 
        "value": 0.00036922796008487545
    }
}