{
    "Ar36": {
        "error": 0.00029274612469720924, 
        "fit": "linear", 
        "value": 0.010588542300591933
    }, 
    "Ar37": {
        "error": 0.025175108274764185, 
        "fit": "linear", 
        "value": 0.52483296744797192
    }, 
    "Ar38": {
        "error": 0.035694842828013107, 
        "fit": "linear", 
        "value": 3.138842057361471
    }, 
    "Ar39": {
        "error": 0.03122527292213997, 
        "fit": "linear", 
        "value": 262.92370155259192
    }, 
    "Ar40": {
        "error": 0.11871703081553629, 
        "fit": "linear", 
        "value": 2235.1958525725604
    }, 
    "Ar41": {
        "error": 0.01005096800073714, 
        "fit": "average", 
        "value": 0.030010908202323966
    }
}