{
    "Ar36": {
        "error": 0.00031673879836992085, 
        "fit": "linear", 
        "value": 0.01468032234632859
    }, 
    "Ar37": {
        "error": 0.023205769464788948, 
        "fit": "linear", 
        "value": 0.51708691191426726
    }, 
    "Ar38": {
        "error": 0.033016964355399157, 
        "fit": "linear", 
        "value": 2.3816809193062833
    }, 
    "Ar39": {
        "error": 0.024438971748375966, 
        "fit": "linear", 
        "value": 202.90613590754805
    }, 
    "Ar40": {
        "error": 0.096684666534525718, 
        "fit": "linear", 
        "value": 1719.8324755150757
    }, 
    "Ar41": {
        "error": 0.010582493527481293, 
        "fit": "average", 
        "value": 0.26527467166073621
    }
}