{
    "Ar36": {
        "error": 0.00035946250583345835, 
        "fit": "linear", 
        "value": 0.017639331082682654
    }, 
    "Ar37": {
        "error": 0.026494708873355956, 
        "fit": "linear", 
        "value": 0.52111118033988502
    }, 
    "Ar38": {
        "error": 0.031199917361948378, 
        "fit": "linear", 
        "value": 2.8915895683362312
    }, 
    "Ar39": {
        "error": 0.030204647487913457, 
        "fit": "linear", 
        "value": 245.25289609009536
    }, 
    "Ar40": {
        "error": 0.12172229605682233, 
        "fit": "linear", 
        "value": 2088.8577838881256
    }, 
    "Ar41": {
        "error": 0.0093741246714967863, 
        "fit": "average", 
        "value": 0.26938596373113494
    }
}