{
    "Ar36": {
        "error": 0.00038079602166607077, 
        "fit": "linear", 
        "value": 0.025625150198685432
    }, 
    "Ar37": {
        "error": 0.023717915324822855, 
        "fit": "linear", 
        "value": 0.62485966168423068
    }, 
    "Ar38": {
        "error": 0.032344822312347317, 
        "fit": "linear", 
        "value": 3.3313800673396678
    }, 
    "Ar39": {
        "error": 0.03027447017021272, 
        "fit": "linear", 
        "value": 284.39415757881471
    }, 
    "Ar40": {
        "error": 0.13483456638057448, 
        "fit": "linear", 
        "value": 2424.4096772551461
    }, 
    "Ar41": {
        "error": 0.010925466948346941, 
        "fit": "average", 
        "value": 0.27170103099197151
    }
}