{
    "Ar36": {
        "error": 0.00028819761734835377, 
        "fit": "linear", 
        "value": 0.010965042260224498
    }, 
    "Ar37": {
        "error": 0.025316808534409211, 
        "fit": "linear", 
        "value": 0.49456945335020919
    }, 
    "Ar38": {
        "error": 0.037010718249206848, 
        "fit": "linear", 
        "value": 3.3447178408619913
    }, 
    "Ar39": {
        "error": 0.027219787373349649, 
        "fit": "linear", 
        "value": 279.79290448448057
    }, 
    "Ar40": {
        "error": 0.13007753705344605, 
        "fit": "linear", 
        "value": 2369.9332043310728
    }, 
    "Ar41": {
        "error": 0.011967508133671112, 
        "fit": "average", 
        "value": 0.28553539997587601
    }
}