{
    "Ar36": {
        "error": 0.0002766971465101803, 
        "fit": "linear", 
        "value": 0.012307943373992918
    }, 
    "Ar37": {
        "error": 0.025623758144072941, 
        "fit": "linear", 
        "value": 0.38005527146148449
    }, 
    "Ar38": {
        "error": 0.030270929407151963, 
        "fit": "linear", 
        "value": 1.4934721454329045
    }, 
    "Ar39": {
        "error": 0.019204066470360753, 
        "fit": "linear", 
        "value": 132.91731455764887
    }, 
    "Ar40": {
        "error": 0.07961026083126202, 
        "fit": "linear", 
        "value": 1025.365150474358
    }, 
    "Ar41": {
        "error": 0.009824425919033701, 
        "fit": "average", 
        "value": -0.02492432289426991
    }
}