{
    "Ar36": {
        "error": 0.00020855448137334118, 
        "fit": "linear", 
        "value": 0.0061441093128794741
    }, 
    "Ar37": {
        "error": 0.02376463009734885, 
        "fit": "linear", 
        "value": 0.31504324081649726
    }, 
    "Ar38": {
        "error": 0.038215815078396762, 
        "fit": "linear", 
        "value": 1.8692443591826353
    }, 
    "Ar39": {
        "error": 0.024693325248958578, 
        "fit": "linear", 
        "value": 154.17164778211958
    }, 
    "Ar40": {
        "error": 0.087105096016564229, 
        "fit": "linear", 
        "value": 1299.4742050377108
    }, 
    "Ar41": {
        "error": 0.0097179624080586165, 
        "fit": "average", 
        "value": 0.28270885979135829
    }
}