{
    "Ar36": {
        "error": 0.00022611935795768177, 
        "fit": "linear", 
        "value": 0.0064064220639530288
    }, 
    "Ar37": {
        "error": 0.026411195564912379, 
        "fit": "linear", 
        "value": 0.32143013141163651
    }, 
    "Ar38": {
        "error": 0.039693692917250424, 
        "fit": "linear", 
        "value": 1.8623704215897237
    }, 
    "Ar39": {
        "error": 0.026149294716802156, 
        "fit": "linear", 
        "value": 154.87633103008773
    }, 
    "Ar40": {
        "error": 0.092101992477067685, 
        "fit": "linear", 
        "value": 1306.9075799739171
    }, 
    "Ar41": {
        "error": 0.009517038538460575, 
        "fit": "average", 
        "value": 0.26812665338317554
    }
}