{
    "AX": {
        "error": 0.0057358544873249, 
        "fit": "average", 
        "value": 0.004107733079743209
    }, 
    "CDD": {
        "error": 9.830426139265475e-06, 
        "fit": "average", 
        "value": 5.7722729009886584e-05
    }, 
    "H1": {
        "error": 0.014136264610936413, 
        "fit": "average", 
        "value": 0.07772037878813635
    }, 
    "H2": {
        "error": 0.01464813328374599, 
        "fit": "average", 
        "value": 0.25884289400677923
    }, 
    "L1": {
        "error": 0.017374135051288157, 
        "fit": "average", 
        "value": -0.12218617184100569
    }, 
    "L2": {
        "error": 0.014719725687987167, 
        "fit": "average", 
        "value": 0.16947505336461796
    }
}