{
    "AX": {
        "error": 0.006110410118396852, 
        "fit": "average", 
        "value": 0.004215417398760716
    }, 
    "CDD": {
        "error": 1.4125327942860008e-05, 
        "fit": "average", 
        "value": 0.00014091136787707607
    }, 
    "H1": {
        "error": 0.01318149782832544, 
        "fit": "average", 
        "value": 0.05125450473909344
    }, 
    "H2": {
        "error": 0.016075671153165886, 
        "fit": "average", 
        "value": 0.21634665431661737
    }, 
    "L1": {
        "error": 0.015956729781318693, 
        "fit": "average", 
        "value": -0.16073288728948681
    }, 
    "L2": {
        "error": 0.013150536572444716, 
        "fit": "average", 
        "value": 0.17546772661735305
    }
}