{
    "AX": {
        "error": 0.00641055622143435, 
        "fit": "average", 
        "value": -0.008769505026025904
    }, 
    "CDD": {
        "error": 8.293735697704756e-06, 
        "fit": "average", 
        "value": 4.0745455771684645e-05
    }, 
    "H1": {
        "error": 0.011474764196799502, 
        "fit": "average", 
        "value": 0.0739525771040159
    }, 
    "H2": {
        "error": 0.014287712327694923, 
        "fit": "average", 
        "value": -0.04145959452467246
    }, 
    "L1": {
        "error": 0.016034855262497517, 
        "fit": "average", 
        "value": -0.18188482472000436
    }, 
    "L2": {
        "error": 0.013874418823547915, 
        "fit": "average", 
        "value": 0.12920979146535197
    }
}