{
    "AX": {
        "error": 0.005285488184220574, 
        "fit": "average", 
        "value": 0.0027052918132135853
    }, 
    "CDD": {
        "error": 1.0863308656842317e-05, 
        "fit": "average", 
        "value": 7.470000224808852e-05
    }, 
    "H1": {
        "error": 0.012767466839614609, 
        "fit": "average", 
        "value": 0.0010633056621170707
    }, 
    "H2": {
        "error": 0.014287294980294981, 
        "fit": "average", 
        "value": -0.07655674587133238
    }, 
    "L1": {
        "error": 0.017677458469796438, 
        "fit": "average", 
        "value": -0.19000463680778112
    }, 
    "L2": {
        "error": 0.013879879869710576, 
        "fit": "average", 
        "value": 0.0980048351720648
    }
}