{
    "AX": {
        "error": 0.005599177453130838, 
        "fit": "average", 
        "value": 0.005307164835297347
    }, 
    "CDD": {
        "error": 1.408859697753604e-05, 
        "fit": "average", 
        "value": 0.00011714318534359336
    }, 
    "H1": {
        "error": 0.015019052861182216, 
        "fit": "average", 
        "value": 0.01710978557635422
    }, 
    "H2": {
        "error": 0.01288270803398838, 
        "fit": "average", 
        "value": -0.058203473335338964
    }, 
    "L1": {
        "error": 0.01802885137619941, 
        "fit": "average", 
        "value": -0.20632322870401873
    }, 
    "L2": {
        "error": 0.011934730152943156, 
        "fit": "average", 
        "value": 0.0928171450602046
    }
}