{
    "AX": {
        "error": 0.005450344779327298, 
        "fit": "average", 
        "value": 0.004313473343305911
    }, 
    "CDD": {
        "error": 1.731723013232741e-05, 
        "fit": "average", 
        "value": 0.00016977273238201937
    }, 
    "H1": {
        "error": 0.013936374990872786, 
        "fit": "average", 
        "value": 0.009548379130137619
    }, 
    "H2": {
        "error": 0.012892030186995182, 
        "fit": "average", 
        "value": -0.057767897373479274
    }, 
    "L1": {
        "error": 0.01709810725328572, 
        "fit": "average", 
        "value": -0.18815816464808044
    }, 
    "L2": {
        "error": 0.01430070662598354, 
        "fit": "average", 
        "value": 0.11539444834019782
    }
}