{
    "AX": {
        "error": 0.006693690707211102, 
        "fit": "average", 
        "value": 0.005731035566390751
    }, 
    "CDD": {
        "error": 1.7038205774094164e-05, 
        "fit": "average", 
        "value": 0.00016298182308673858
    }, 
    "H1": {
        "error": 0.012167793639095158, 
        "fit": "average", 
        "value": 0.06617501913246492
    }, 
    "H2": {
        "error": 0.01413259684293323, 
        "fit": "average", 
        "value": -0.043536440041174906
    }, 
    "L1": {
        "error": 0.015147547024093303, 
        "fit": "average", 
        "value": -0.17605409891111776
    }, 
    "L2": {
        "error": 0.013218204016202436, 
        "fit": "average", 
        "value": 0.122068651061919
    }
}