{
    "AX": {
        "error": 0.005839422978124228, 
        "fit": "average", 
        "value": 0.0027761697588074537
    }, 
    "CDD": {
        "error": 1.5815905726723128e-05, 
        "fit": "average", 
        "value": 0.00014600454984853666
    }, 
    "H1": {
        "error": 0.011847974636150853, 
        "fit": "average", 
        "value": 0.05710610723795576
    }, 
    "H2": {
        "error": 0.011029451869575446, 
        "fit": "average", 
        "value": -0.05509394560390825
    }, 
    "L1": {
        "error": 0.01841509145850343, 
        "fit": "average", 
        "value": -0.21366333115018077
    }, 
    "L2": {
        "error": 0.012965974848264908, 
        "fit": "average", 
        "value": 0.1148855648883101
    }
}