{
    "AX": {
        "error": 0.0052657980378641835, 
        "fit": "average", 
        "value": 0.0033071450277930127
    }, 
    "CDD": {
        "error": 1.8064128521812003e-05, 
        "fit": "average", 
        "value": 0.00015619091379145782
    }, 
    "H1": {
        "error": 0.013200999838775922, 
        "fit": "average", 
        "value": 0.011625691243292142
    }, 
    "H2": {
        "error": 0.013783135251172541, 
        "fit": "average", 
        "value": -0.12479116972341824
    }, 
    "L1": {
        "error": 0.02071143239908543, 
        "fit": "average", 
        "value": -0.21507316681026067
    }, 
    "L2": {
        "error": 0.012873035705329848, 
        "fit": "average", 
        "value": -0.0494522040994424
    }
}