{
    "Ar36": {
        "error": 0.00018638657486691124, 
        "fit": "parabolic", 
        "value": 0.0017861929992461431
    }, 
    "Ar37": {
        "error": 0.013668029130180025, 
        "fit": "linear", 
        "value": 0.00037787665802664541
    }, 
    "Ar38": {
        "error": 0.01924478233139168, 
        "fit": "linear", 
        "value": -0.20341825768279126
    }, 
    "Ar39": {
        "error": 0.0092927600237941114, 
        "fit": "parabolic", 
        "value": 0.021774103505978127
    }, 
    "Ar40": {
        "error": 0.023589693255302677, 
        "fit": "parabolic", 
        "value": 0.29438200158126743
    }, 
    "Ar41": {
        "error": 0.0063200792175229911, 
        "fit": "average", 
        "value": -0.069693370302265981
    }
}