{
    "Ar36": {
        "error": 0.00028499048890983855, 
        "fit": "linear", 
        "value": 0.012261094458589949
    }, 
    "Ar37": {
        "error": 0.024136197775416372, 
        "fit": "linear", 
        "value": 0.35918183051311736
    }, 
    "Ar38": {
        "error": 0.025660130303593324, 
        "fit": "linear", 
        "value": 1.7454830993274519
    }, 
    "Ar39": {
        "error": 0.023961617706335602, 
        "fit": "linear", 
        "value": 152.4029508743412
    }, 
    "Ar40": {
        "error": 0.076653889768278277, 
        "fit": "linear", 
        "value": 1291.8243636204779
    }, 
    "Ar41": {
        "error": 0.010786548121537919, 
        "fit": "average", 
        "value": 0.24170366249978542
    }
}