{
    "Ar36": {
        "error": 0.00025015011526013535, 
        "fit": "linear", 
        "value": 0.0072740125522702771
    }, 
    "Ar37": {
        "error": 0.027301750769695134, 
        "fit": "linear", 
        "value": 0.31764712085490671
    }, 
    "Ar38": {
        "error": 0.031634707682923875, 
        "fit": "linear", 
        "value": 1.817061346790507
    }, 
    "Ar39": {
        "error": 0.020062221906921952, 
        "fit": "linear", 
        "value": 158.36241181492227
    }, 
    "Ar40": {
        "error": 0.088010849709548616, 
        "fit": "linear", 
        "value": 1332.8636921152756
    }, 
    "Ar41": {
        "error": 0.012319871325472321, 
        "fit": "average", 
        "value": -0.00086391076464982085
    }
}