{
    "Ar36": {
        "error": 0.00027757485391487137, 
        "fit": "linear", 
        "value": 0.0091059996107067925
    }, 
    "Ar37": {
        "error": 0.021399939878516683, 
        "fit": "linear", 
        "value": 0.49206632251774585
    }, 
    "Ar38": {
        "error": 0.034495092409256203, 
        "fit": "linear", 
        "value": 3.1550183684707727
    }, 
    "Ar39": {
        "error": 0.025985614317583169, 
        "fit": "linear", 
        "value": 260.20926050587366
    }, 
    "Ar40": {
        "error": 0.12019431229159373, 
        "fit": "linear", 
        "value": 2191.4491687853988
    }, 
    "Ar41": {
        "error": 0.01178154347915523, 
        "fit": "average", 
        "value": 0.0063016429095296188
    }
}