{
    "Ar36": {
        "error": 0.00033648675359668954, 
        "fit": "linear", 
        "value": 0.010850372293244134
    }, 
    "Ar37": {
        "error": 0.025428441730644916, 
        "fit": "linear", 
        "value": 0.55861870145928272
    }, 
    "Ar38": {
        "error": 0.032855409888729391, 
        "fit": "linear", 
        "value": 3.5970306882838239
    }, 
    "Ar39": {
        "error": 0.036692937098513158, 
        "fit": "linear", 
        "value": 304.15930954857657
    }, 
    "Ar40": {
        "error": 0.1369201646388318, 
        "fit": "linear", 
        "value": 2567.9107377216951
    }, 
    "Ar41": {
        "error": 0.012283973162676235, 
        "fit": "average", 
        "value": 0.028799754789409538
    }
}