{
    "Ar36": {
        "error": 0.00024522427427551722, 
        "fit": "linear", 
        "value": 0.005151305543017376
    }, 
    "Ar37": {
        "error": 0.024057882476290343, 
        "fit": "linear", 
        "value": 0.33607133184779858
    }, 
    "Ar38": {
        "error": 0.034605583275289453, 
        "fit": "linear", 
        "value": 1.4420475711633922
    }, 
    "Ar39": {
        "error": 0.022350518912069801, 
        "fit": "linear", 
        "value": 124.28312579833985
    }, 
    "Ar40": {
        "error": 0.071079384021595124, 
        "fit": "linear", 
        "value": 1050.5407524900593
    }, 
    "Ar41": {
        "error": 0.011230095573770535, 
        "fit": "average", 
        "value": 0.25124285117102169
    }
}