{
    "Ar36": {
        "error": 0.0003904501455800506, 
        "fit": "linear", 
        "value": 0.02499299616544419
    }, 
    "Ar37": {
        "error": 0.025384207857819155, 
        "fit": "linear", 
        "value": 0.61002796025676043
    }, 
    "Ar38": {
        "error": 0.027572332282970822, 
        "fit": "linear", 
        "value": 3.691269452387318
    }, 
    "Ar39": {
        "error": 0.029937585600346026, 
        "fit": "linear", 
        "value": 313.75131541102701
    }, 
    "Ar40": {
        "error": 0.13731085490139944, 
        "fit": "linear", 
        "value": 2664.8282672892674
    }, 
    "Ar41": {
        "error": 0.009724545969799641, 
        "fit": "average", 
        "value": 0.016240409190456072
    }
}