{
    "Ar36": {
        "error": 0.00065851353427754267, 
        "fit": "linear", 
        "value": 0.084672809873057059
    }, 
    "Ar37": {
        "error": 0.024626069014216993, 
        "fit": "linear", 
        "value": 0.83400285200949975
    }, 
    "Ar38": {
        "error": 0.030273737981814208, 
        "fit": "linear", 
        "value": 3.7033993658602973
    }, 
    "Ar39": {
        "error": 0.033355384600349765, 
        "fit": "linear", 
        "value": 313.53708343918947
    }, 
    "Ar40": {
        "error": 0.11878752884616189, 
        "fit": "linear", 
        "value": 2366.1997741563137
    }, 
    "Ar41": {
        "error": 0.010271223738590783, 
        "fit": "average", 
        "value": 0.0085519518344275031
    }
}