{
    "Ar36": {
        "error": 0.00028363219709943993, 
        "fit": "linear", 
        "value": 0.01173891106723967
    }, 
    "Ar37": {
        "error": 0.023801878341167072, 
        "fit": "linear", 
        "value": 0.47317557648538122
    }, 
    "Ar38": {
        "error": 0.02776453121614059, 
        "fit": "linear", 
        "value": 2.7756498730841885
    }, 
    "Ar39": {
        "error": 0.024477454357769112, 
        "fit": "linear", 
        "value": 239.39037342053848
    }, 
    "Ar40": {
        "error": 0.10392825852630001, 
        "fit": "linear", 
        "value": 2037.6487200152735
    }, 
    "Ar41": {
        "error": 0.010994143227205736, 
        "fit": "average", 
        "value": 0.24774069059640169
    }
}