{
    "Ar36": {
        "error": 0.00030873222773829918, 
        "fit": "linear", 
        "value": 0.01369512268329455
    }, 
    "Ar37": {
        "error": 0.023630354815914051, 
        "fit": "linear", 
        "value": 0.56083676199100341
    }, 
    "Ar38": {
        "error": 0.031114097787898084, 
        "fit": "linear", 
        "value": 3.6603451375369307
    }, 
    "Ar39": {
        "error": 0.031389427492221893, 
        "fit": "linear", 
        "value": 313.96784948765219
    }, 
    "Ar40": {
        "error": 0.11989319096942387, 
        "fit": "linear", 
        "value": 2665.8253315098955
    }, 
    "Ar41": {
        "error": 0.010136803657359526, 
        "fit": "average", 
        "value": 0.015953957547123233
    }
}