{
    "Ar36": {
        "error": 0.00036012807365374384, 
        "fit": "linear", 
        "value": 0.01802079322337418
    }, 
    "Ar37": {
        "error": 0.023832478272890339, 
        "fit": "linear", 
        "value": 0.6384153492168092
    }, 
    "Ar38": {
        "error": 0.026791717651803215, 
        "fit": "linear", 
        "value": 3.7551644267138942
    }, 
    "Ar39": {
        "error": 0.033704637553459885, 
        "fit": "linear", 
        "value": 322.8554001604648
    }, 
    "Ar40": {
        "error": 0.1387804711266499, 
        "fit": "linear", 
        "value": 2745.643095475114
    }, 
    "Ar41": {
        "error": 0.010359802223591541, 
        "fit": "average", 
        "value": 0.029315003330508869
    }
}