{
    "Ar36": {
        "error": 0.00036288900713851507, 
        "fit": "linear", 
        "value": 0.01840483052240845
    }, 
    "Ar37": {
        "error": 0.025320971844306938, 
        "fit": "linear", 
        "value": 0.59984837013309567
    }, 
    "Ar38": {
        "error": 0.029604729829830468, 
        "fit": "linear", 
        "value": 3.8303105208423056
    }, 
    "Ar39": {
        "error": 0.029217894071481221, 
        "fit": "linear", 
        "value": 322.33358899529912
    }, 
    "Ar40": {
        "error": 0.12764580782578017, 
        "fit": "linear", 
        "value": 2754.5713384005348
    }, 
    "Ar41": {
        "error": 0.010523895910984024, 
        "fit": "average", 
        "value": 0.29802980159719783
    }
}