{
    "Ar36": {
        "error": 0.00042543669625413503, 
        "fit": "parabolic", 
        "value": 0.015981627348981401
    }, 
    "Ar37": {
        "error": 0.015862571059278231, 
        "fit": "linear", 
        "value": 1.4285900989972413
    }, 
    "Ar38": {
        "error": 0.012344613404025069, 
        "fit": "linear", 
        "value": 6.910697235092135
    }, 
    "Ar39": {
        "error": 0.040247318545261909, 
        "fit": "parabolic", 
        "value": 544.84851448464542
    }, 
    "Ar40": {
        "error": 0.15431988740155711, 
        "fit": "parabolic", 
        "value": 4548.0934933963745
    }, 
    "Ar41": {
        "error": 0.0057205779299638786, 
        "fit": "average", 
        "value": 0.066710805704751686
    }
}