{
    "Ar36": {
        "error": 0.00024932928980912235, 
        "fit": "linear", 
        "value": 0.0097097049991277627
    }, 
    "Ar37": {
        "error": 0.028019957711496471, 
        "fit": "linear", 
        "value": 0.35407628590643836
    }, 
    "Ar38": {
        "error": 0.03886908405762101, 
        "fit": "linear", 
        "value": 1.7134101109878779
    }, 
    "Ar39": {
        "error": 0.023623935089533012, 
        "fit": "linear", 
        "value": 157.08395976003078
    }, 
    "Ar40": {
        "error": 0.095582128816365769, 
        "fit": "linear", 
        "value": 1319.7312734229808
    }, 
    "Ar41": {
        "error": 0.011280664466241524, 
        "fit": "average", 
        "value": -0.078306783676574315
    }
}