{
    "AX": {
        "error": 0.004913594381740258, 
        "fit": "average", 
        "value": -0.002329825302149402
    }, 
    "CDD": {
        "error": 1.4305093060977333e-05, 
        "fit": "average", 
        "value": 0.00016552841407246888
    }, 
    "H1": {
        "error": 0.010854958670447676, 
        "fit": "average", 
        "value": 0.025198818641365507
    }, 
    "H2": {
        "error": 0.009946681474997904, 
        "fit": "average", 
        "value": -0.05675056055673243
    }, 
    "L1": {
        "error": 0.01653662925664227, 
        "fit": "average", 
        "value": -0.188441450081397
    }, 
    "L2": {
        "error": 0.011603277158410445, 
        "fit": "average", 
        "value": 0.10553685257521768
    }
}