{
    "AX": {
        "error": 0.005525825439076286, 
        "fit": "average", 
        "value": 0.0018200676873675547
    }, 
    "CDD": {
        "error": 1.5127203665699586e-05, 
        "fit": "average", 
        "value": 0.00015024886815808713
    }, 
    "H1": {
        "error": 0.0111488552543689, 
        "fit": "average", 
        "value": 0.0018120546733067992
    }, 
    "H2": {
        "error": 0.010324165960463066, 
        "fit": "average", 
        "value": -0.051868429467382765
    }, 
    "L1": {
        "error": 0.015393197566786344, 
        "fit": "average", 
        "value": -0.19182473804879313
    }, 
    "L2": {
        "error": 0.01205476769774122, 
        "fit": "average", 
        "value": 0.11309269630388978
    }
}