{
    "AX": {
        "error": 0.005175490181469941, 
        "fit": "average", 
        "value": 0.004207840933183131
    }, 
    "CDD": {
        "error": 1.3699896562753708e-05, 
        "fit": "average", 
        "value": 0.00016807500505819917
    }, 
    "H1": {
        "error": 0.011899336437246505, 
        "fit": "average", 
        "value": 0.043898249948688316
    }, 
    "H2": {
        "error": 0.01040598464292998, 
        "fit": "average", 
        "value": -0.014819305838318541
    }, 
    "L1": {
        "error": 0.021199572286099446, 
        "fit": "average", 
        "value": -0.019394681207389415
    }, 
    "L2": {
        "error": 0.012014832870459534, 
        "fit": "average", 
        "value": -0.08530864126902694
    }
}