{
    "AX": {
        "error": 0.004946312353088273, 
        "fit": "average", 
        "value": -0.002501609837054275
    }, 
    "CDD": {
        "error": 1.2732954928651452e-06, 
        "fit": "average", 
        "value": 1.2732954928651452e-06
    }, 
    "H1": {
        "error": 0.013361387818608374, 
        "fit": "average", 
        "value": 0.011134444258641452
    }, 
    "H2": {
        "error": 0.010784126892760145, 
        "fit": "average", 
        "value": 0.19629376657734005
    }, 
    "L1": {
        "error": 0.01611081565694735, 
        "fit": "average", 
        "value": -0.1797972884067955
    }, 
    "L2": {
        "error": 0.012417054180566834, 
        "fit": "average", 
        "value": 0.11315995080512949
    }
}