{
    "AX": {
        "error": 0.005439627829460789, 
        "fit": "average", 
        "value": -0.00312682223423811
    }, 
    "CDD": {
        "error": 2.514286198115272e-06, 
        "fit": "average", 
        "value": 5.093181971460581e-06
    }, 
    "H1": {
        "error": 0.010588477331977647, 
        "fit": "average", 
        "value": 0.06026745639004124
    }, 
    "H2": {
        "error": 0.012387935183251273, 
        "fit": "average", 
        "value": 0.24179212727661556
    }, 
    "L1": {
        "error": 0.01430107795055097, 
        "fit": "average", 
        "value": -0.1528863970384312
    }, 
    "L2": {
        "error": 0.01181503388033261, 
        "fit": "average", 
        "value": 0.1669286089638869
    }
}