{
    "AX": {
        "error": 0.010488266060871578, 
        "fit": "average", 
        "value": -0.0032771861374688645
    }, 
    "CDD": {
        "error": 0.0, 
        "fit": "average", 
        "value": 0.0
    }, 
    "H1": {
        "error": 0.011960569178392845, 
        "fit": "average", 
        "value": -0.0024004215025343
    }, 
    "H2": {
        "error": 0.010867784513884798, 
        "fit": "average", 
        "value": 0.18414217231159757
    }, 
    "L1": {
        "error": 0.01169427786918203, 
        "fit": "average", 
        "value": -0.19551079741989572
    }, 
    "L2": {
        "error": 0.011872940351502784, 
        "fit": "average", 
        "value": -0.040756305763109894
    }
}