{
    "AX": {
        "error": 0.005372766899639629, 
        "fit": "average", 
        "value": -0.004545520767957593
    }, 
    "CDD": {
        "error": 2.798914573509482e-06, 
        "fit": "average", 
        "value": 6.366477464325726e-06
    }, 
    "H1": {
        "error": 0.010120940521738599, 
        "fit": "average", 
        "value": 0.05388063373199354
    }, 
    "H2": {
        "error": 0.012499139904969666, 
        "fit": "average", 
        "value": 0.21464071334533705
    }, 
    "L1": {
        "error": 0.014583561191386079, 
        "fit": "average", 
        "value": -0.1718757803105594
    }, 
    "L2": {
        "error": 0.011938893744732835, 
        "fit": "average", 
        "value": 0.125908431779438
    }
}