{
    "AX": {
        "error": 0.005148630300214842, 
        "fit": "average", 
        "value": 0.008615520627932307
    }, 
    "CDD": {
        "error": 2.065139216455713e-05, 
        "fit": "average", 
        "value": 0.0002359840980110069
    }, 
    "H1": {
        "error": 0.013748589317872381, 
        "fit": "average", 
        "value": 0.03393994540286561
    }, 
    "H2": {
        "error": 0.013360893504786784, 
        "fit": "average", 
        "value": -0.07347949741071919
    }, 
    "L1": {
        "error": 0.018695229886231426, 
        "fit": "average", 
        "value": -0.19657974893068766
    }, 
    "L2": {
        "error": 0.014743694280350921, 
        "fit": "average", 
        "value": -0.024949354224372656
    }
}