{
    "AX": {
        "error": 0.005702151910258759, 
        "fit": "average", 
        "value": 0.0036099975582652
    }, 
    "CDD": {
        "error": 1.1036328064647995e-05, 
        "fit": "average", 
        "value": 6.281591098134716e-05
    }, 
    "H1": {
        "error": 0.013847148160092542, 
        "fit": "average", 
        "value": 0.024341894957857827
    }, 
    "H2": {
        "error": 0.012315008217826936, 
        "fit": "average", 
        "value": -0.0649115532843603
    }, 
    "L1": {
        "error": 0.019881970572426917, 
        "fit": "average", 
        "value": -0.2082926690656071
    }, 
    "L2": {
        "error": 0.013960648645014985, 
        "fit": "average", 
        "value": -0.02906767677195603
    }
}