{
    "AX": {
        "error": 0.005739787732739688, 
        "fit": "average", 
        "value": -0.005685211561730183
    }, 
    "CDD": {
        "error": 1.1182086202113053e-05, 
        "fit": "average", 
        "value": 5.6025001686066386e-05
    }, 
    "H1": {
        "error": 0.013530618341392391, 
        "fit": "average", 
        "value": 0.020436255235431924
    }, 
    "H2": {
        "error": 0.012813673239426093, 
        "fit": "average", 
        "value": -0.04853523685855584
    }, 
    "L1": {
        "error": 0.02036456433739252, 
        "fit": "average", 
        "value": -0.16573820333578623
    }, 
    "L2": {
        "error": 0.014335920976806988, 
        "fit": "average", 
        "value": -0.023057843422672402
    }
}