{
    "AX": {
        "error": 0.00600540441975858, 
        "fit": "average", 
        "value": -0.0017820333389358387
    }, 
    "CDD": {
        "error": 9.350930241727576e-06, 
        "fit": "average", 
        "value": 5.093181971460581e-05
    }, 
    "H1": {
        "error": 0.013561122150730985, 
        "fit": "average", 
        "value": 0.025560310394373825
    }, 
    "H2": {
        "error": 0.013890209843007394, 
        "fit": "average", 
        "value": -0.03012201035550485
    }, 
    "L1": {
        "error": 0.018338803640998658, 
        "fit": "average", 
        "value": -0.17866076900843633
    }, 
    "L2": {
        "error": 0.014702762043682618, 
        "fit": "average", 
        "value": 0.02620322714921915
    }
}