{
    "AX": {
        "error": 0.0061244328965966485, 
        "fit": "average", 
        "value": 0.0019508355597887808
    }, 
    "CDD": {
        "error": 1.3827577761969001e-05, 
        "fit": "average", 
        "value": 0.00011205000337213277
    }, 
    "H1": {
        "error": 0.012840718980228257, 
        "fit": "average", 
        "value": 0.04234229543039368
    }, 
    "H2": {
        "error": 0.013677762006945884, 
        "fit": "average", 
        "value": -0.055122628875283734
    }, 
    "L1": {
        "error": 0.019051193427774882, 
        "fit": "average", 
        "value": -0.1849519964815651
    }, 
    "L2": {
        "error": 0.01353955141466966, 
        "fit": "average", 
        "value": 0.01841949596742375
    }
}