{
    "AX": {
        "error": 0.005730187740062075, 
        "fit": "average", 
        "value": -0.008672371930960153
    }, 
    "CDD": {
        "error": 1.2084065001647602e-05, 
        "fit": "average", 
        "value": 8.658409351482987e-05
    }, 
    "H1": {
        "error": 0.013588554995286382, 
        "fit": "average", 
        "value": 0.03548187477928069
    }, 
    "H2": {
        "error": 0.012364673694604096, 
        "fit": "average", 
        "value": -0.0457550152082048
    }, 
    "L1": {
        "error": 0.017492471186463188, 
        "fit": "average", 
        "value": -0.16839461489839272
    }, 
    "L2": {
        "error": 0.014962490121220567, 
        "fit": "average", 
        "value": 0.12980212026741356
    }
}