{
    "AX": {
        "error": 0.006931720537323843, 
        "fit": "average", 
        "value": -0.008321780899293824
    }, 
    "CDD": {
        "error": 1.123265471604196e-05, 
        "fit": "average", 
        "value": 0.000105259094076852
    }, 
    "H1": {
        "error": 0.01441058194070584, 
        "fit": "average", 
        "value": 0.0262218526745629
    }, 
    "H2": {
        "error": 0.01311473007810411, 
        "fit": "average", 
        "value": 0.21514914830525717
    }, 
    "L1": {
        "error": 0.016466675845607247, 
        "fit": "average", 
        "value": -0.17372977160072575
    }, 
    "L2": {
        "error": 0.014379883393913332, 
        "fit": "average", 
        "value": 0.12377249237356915
    }
}