{
    "AX": {
        "error": 0.006697221939797309, 
        "fit": "average", 
        "value": -0.005568366242934846
    }, 
    "CDD": {
        "error": 1.2770732137690932e-05, 
        "fit": "average", 
        "value": 8.828182083865007e-05
    }, 
    "H1": {
        "error": 0.01430590066875, 
        "fit": "average", 
        "value": 0.02165967687550518
    }, 
    "H2": {
        "error": 0.011751640673254609, 
        "fit": "average", 
        "value": -0.0472246954165813
    }, 
    "L1": {
        "error": 0.013676407441430713, 
        "fit": "average", 
        "value": -0.18725435491133896
    }, 
    "L2": {
        "error": 0.013706719197114779, 
        "fit": "average", 
        "value": 0.10241195512418118
    }
}