{
    "AX": {
        "error": 0.005578689859260363, 
        "fit": "average", 
        "value": -0.01028641770956003
    }, 
    "CDD": {
        "error": 1.074340091540221e-05, 
        "fit": "average", 
        "value": 9.167727548629046e-05
    }, 
    "H1": {
        "error": 0.013126540829412257, 
        "fit": "average", 
        "value": 0.011605819635345445
    }, 
    "H2": {
        "error": 0.013012891708935144, 
        "fit": "average", 
        "value": -0.07646416183043685
    }, 
    "L1": {
        "error": 0.014773473705159959, 
        "fit": "average", 
        "value": -0.17269952941375474
    }, 
    "L2": {
        "error": 0.014082264844381732, 
        "fit": "average", 
        "value": 0.10248279735161406
    }
}