{
    "AX": {
        "error": 0.006793089688876816, 
        "fit": "average", 
        "value": -0.006380559425128417
    }, 
    "CDD": {
        "error": 1.1472281230592983e-05, 
        "fit": "average", 
        "value": 9.507273013393084e-05
    }, 
    "H1": {
        "error": 0.012871054037895232, 
        "fit": "average", 
        "value": 0.10869067931651241
    }, 
    "H2": {
        "error": 0.012415098829179492, 
        "fit": "average", 
        "value": -0.05419783448515874
    }, 
    "L1": {
        "error": 0.013079364972163542, 
        "fit": "average", 
        "value": -0.16688735685052558
    }, 
    "L2": {
        "error": 0.01581517938929459, 
        "fit": "average", 
        "value": 0.1301684699435201
    }
}