{
    "AX": {
        "error": 0.004430021811080592, 
        "fit": "average", 
        "value": 0.013022433269118968
    }, 
    "CDD": {
        "error": 7.541955420230823e-06, 
        "fit": "average", 
        "value": 4.456534225028008e-05
    }, 
    "H1": {
        "error": 0.011575511745946131, 
        "fit": "average", 
        "value": -0.02209143536941459
    }, 
    "H2": {
        "error": 0.011498116571496075, 
        "fit": "average", 
        "value": 0.22820101556523392
    }, 
    "L1": {
        "error": 0.020299913631274827, 
        "fit": "average", 
        "value": -0.015214592022433256
    }, 
    "L2": {
        "error": 0.012599548121887084, 
        "fit": "average", 
        "value": -0.11643735938705504
    }
}