{
    "AX": {
        "error": 0.005846849612806875, 
        "fit": "average", 
        "value": -0.0031790892612965156
    }, 
    "CDD": {
        "error": 8.120108306183241e-06, 
        "fit": "average", 
        "value": 3.735000112404426e-05
    }, 
    "H1": {
        "error": 0.013331484831838174, 
        "fit": "average", 
        "value": 0.003428410047975679
    }, 
    "H2": {
        "error": 0.011598623587408196, 
        "fit": "average", 
        "value": -0.013107296226856609
    }, 
    "L1": {
        "error": 0.022616968700392787, 
        "fit": "average", 
        "value": -0.015580403716820809
    }, 
    "L2": {
        "error": 0.012873747055041823, 
        "fit": "average", 
        "value": -0.09040207959866772
    }
}