{
    "AX": {
        "error": 0.0053935470265734095, 
        "fit": "average", 
        "value": 0.0076700511941453445
    }, 
    "CDD": {
        "error": 7.549692602001984e-06, 
        "fit": "average", 
        "value": 3.395454647640387e-05
    }, 
    "H1": {
        "error": 0.013350653685289066, 
        "fit": "average", 
        "value": -0.00025650518816999263
    }, 
    "H2": {
        "error": 0.014214814760611351, 
        "fit": "average", 
        "value": -0.015765604896781346
    }, 
    "L1": {
        "error": 0.021596673690589555, 
        "fit": "average", 
        "value": -0.002561265446840682
    }, 
    "L2": {
        "error": 0.014131100009621877, 
        "fit": "average", 
        "value": -0.10311044782348391
    }
}