{
    "AX": {
        "error": 0.004773750303484785, 
        "fit": "average", 
        "value": 0.003162654163800956
    }, 
    "CDD": {
        "error": 1.4398126035652311e-05, 
        "fit": "average", 
        "value": 0.00013751591322943568
    }, 
    "H1": {
        "error": 0.012388764011626661, 
        "fit": "average", 
        "value": 0.007441446395629706
    }, 
    "H2": {
        "error": 0.012485767640454427, 
        "fit": "average", 
        "value": 0.22451919130010842
    }, 
    "L1": {
        "error": 0.015585968083859448, 
        "fit": "average", 
        "value": -0.22453495425870643
    }, 
    "L2": {
        "error": 0.012132285466106554, 
        "fit": "average", 
        "value": 0.1009961332896637
    }
}