{
    "AX": {
        "error": 0.004971490226161218, 
        "fit": "average", 
        "value": 0.0023425259079279687
    }, 
    "CDD": {
        "error": 1.485226069473545e-05, 
        "fit": "average", 
        "value": 0.0001566153461074767
    }, 
    "H1": {
        "error": 0.011562817248717308, 
        "fit": "average", 
        "value": 0.06382489001456028
    }, 
    "H2": {
        "error": 0.012558810057831247, 
        "fit": "average", 
        "value": 0.23739628715945096
    }, 
    "L1": {
        "error": 0.01386789272521576, 
        "fit": "average", 
        "value": -0.1601889564364683
    }, 
    "L2": {
        "error": 0.01330389646484505, 
        "fit": "average", 
        "value": 0.14724511287404313
    }
}