{
    "Ar36": {
        "error": 0.0066918337777443319, 
        "fit": "parabolic", 
        "value": 10.398319034569759
    }, 
    "Ar37": {
        "error": 0.014005984402854849, 
        "fit": "linear", 
        "value": 0.036061388410338756
    }, 
    "Ar38": {
        "error": 0.018808714789585609, 
        "fit": "linear", 
        "value": 1.8232814313121701
    }, 
    "Ar39": {
        "error": 0.0098723058103648478, 
        "fit": "parabolic", 
        "value": -0.03538727653513167
    }, 
    "Ar40": {
        "error": 0.12108925722887318, 
        "fit": "parabolic", 
        "value": 3224.3104937617736
    }, 
    "Ar41": {
        "error": 0.0059198585279192127, 
        "fit": "average", 
        "value": 0.04700925809098408
    }
}