{
    "Ar36": {
        "error": 0.006524895882869558, 
        "fit": "parabolic", 
        "value": 10.264463763796321
    }, 
    "Ar37": {
        "error": 0.013374281879381431, 
        "fit": "linear", 
        "value": 0.14388299177054747
    }, 
    "Ar38": {
        "error": 0.015903531782994616, 
        "fit": "linear", 
        "value": 1.7995405663983328
    }, 
    "Ar39": {
        "error": 0.010347069034254914, 
        "fit": "parabolic", 
        "value": -0.036786209245882578
    }, 
    "Ar40": {
        "error": 0.13127462626940276, 
        "fit": "parabolic", 
        "value": 3201.9164940051451
    }, 
    "Ar41": {
        "error": 0.0072720579463696755, 
        "fit": "average", 
        "value": 0.29336437441408636
    }
}