{
    "Ar36": {
        "error": 0.0060307050512219632, 
        "fit": "parabolic", 
        "value": 10.244226827777258
    }, 
    "Ar37": {
        "error": 0.013161761052209321, 
        "fit": "linear", 
        "value": 0.1891778549873856
    }, 
    "Ar38": {
        "error": 0.017574662839263622, 
        "fit": "linear", 
        "value": 1.8103505170228145
    }, 
    "Ar39": {
        "error": 0.0098518623632147286, 
        "fit": "parabolic", 
        "value": -0.043232053893185435
    }, 
    "Ar40": {
        "error": 0.122093876306842, 
        "fit": "parabolic", 
        "value": 3196.3006502298422
    }, 
    "Ar41": {
        "error": 0.0065379316488722115, 
        "fit": "average", 
        "value": 0.29998105545993892
    }
}