{
    "Ar36": {
        "error": 0.0064826044915127544, 
        "fit": "parabolic", 
        "value": 10.074533959810172
    }, 
    "Ar37": {
        "error": 0.014311320119323498, 
        "fit": "linear", 
        "value": -0.022123691156249032
    }, 
    "Ar38": {
        "error": 0.014481434727839325, 
        "fit": "linear", 
        "value": 1.7548410450165361
    }, 
    "Ar39": {
        "error": 0.019641870407820547, 
        "fit": "parabolic", 
        "value": -0.016773089462316173
    }, 
    "Ar40": {
        "error": 0.12719943763470695, 
        "fit": "parabolic", 
        "value": 3150.2051529955725
    }, 
    "Ar41": {
        "error": 0.0062784252715928556, 
        "fit": "average", 
        "value": 0.25535590000275987
    }
}