{
    "Ar36": {
        "error": 0.0067739973466907502, 
        "fit": "parabolic", 
        "value": 10.548769831631741
    }, 
    "Ar37": {
        "error": 0.013492709086677259, 
        "fit": "linear", 
        "value": -0.099179301854360233
    }, 
    "Ar38": {
        "error": 0.023594790371049012, 
        "fit": "linear", 
        "value": 1.9924021205089555
    }, 
    "Ar39": {
        "error": 0.010816668972484369, 
        "fit": "parabolic", 
        "value": 0.01263354433383793
    }, 
    "Ar40": {
        "error": 0.12651910299208741, 
        "fit": "parabolic", 
        "value": 3286.5873109896484
    }, 
    "Ar41": {
        "error": 0.0089772526830317959, 
        "fit": "average", 
        "value": 0.14142156721060017
    }
}