{
    "Ar36": {
        "error": 0.00014519676844365322, 
        "fit": "parabolic", 
        "value": 0.0015020763519780671
    }, 
    "Ar37": {
        "error": 0.011591344205119335, 
        "fit": "linear", 
        "value": 0.0036832403358195926
    }, 
    "Ar38": {
        "error": 0.023639591570858459, 
        "fit": "linear", 
        "value": -0.17428645993785402
    }, 
    "Ar39": {
        "error": 0.017000663106312913, 
        "fit": "parabolic", 
        "value": -0.0001501370312714731
    }, 
    "Ar40": {
        "error": 0.021545627805279081, 
        "fit": "parabolic", 
        "value": 0.37306319805168364
    }, 
    "Ar41": {
        "error": 0.0053502493348064339, 
        "fit": "average", 
        "value": -0.057064211492859354
    }
}