{
    "Ar36": {
        "error": 0.00018787133574440647, 
        "fit": "parabolic", 
        "value": 0.0050368662570405374
    }, 
    "Ar37": {
        "error": 0.01383679367810592, 
        "fit": "linear", 
        "value": -0.078489690232575321
    }, 
    "Ar38": {
        "error": 0.023762408690280602, 
        "fit": "linear", 
        "value": -0.038307763600233545
    }, 
    "Ar39": {
        "error": 0.010157970684025162, 
        "fit": "parabolic", 
        "value": 0.017936489627625059
    }, 
    "Ar40": {
        "error": 0.022290501717824582, 
        "fit": "parabolic", 
        "value": 1.255836520471489
    }, 
    "Ar41": {
        "error": 0.0061427392901039664, 
        "fit": "average", 
        "value": 0.23279810065869241
    }
}