{
    "Ar36": {
        "error": 0.00019365130765402935, 
        "fit": "parabolic", 
        "value": 0.0056764272318061918
    }, 
    "Ar37": {
        "error": 0.013664558332916627, 
        "fit": "linear", 
        "value": -0.067116509319764428
    }, 
    "Ar38": {
        "error": 0.023101660720216119, 
        "fit": "linear", 
        "value": -0.040745189019035136
    }, 
    "Ar39": {
        "error": 0.010580829605327928, 
        "fit": "parabolic", 
        "value": 0.04182066200643049
    }, 
    "Ar40": {
        "error": 0.020629078222266853, 
        "fit": "parabolic", 
        "value": 1.3594083907907724
    }, 
    "Ar41": {
        "error": 0.0063400785466162825, 
        "fit": "average", 
        "value": 0.25474896751169579
    }
}