{
    "Ar36": {
        "error": 0.00019947252277846363, 
        "fit": "parabolic", 
        "value": 0.0040055886341537218
    }, 
    "Ar37": {
        "error": 0.013312186743032273, 
        "fit": "linear", 
        "value": 0.0060160810311850471
    }, 
    "Ar38": {
        "error": 0.017396813210908697, 
        "fit": "linear", 
        "value": -0.18968481514972976
    }, 
    "Ar39": {
        "error": 0.009949651691104032, 
        "fit": "parabolic", 
        "value": 0.043788089097625722
    }, 
    "Ar40": {
        "error": 0.026060662533074642, 
        "fit": "parabolic", 
        "value": 1.15117929323698
    }, 
    "Ar41": {
        "error": 0.0062273003391361721, 
        "fit": "average", 
        "value": -0.0543546621735004
    }
}