{
    "Ar36": {
        "error": 0.00021169947031966061, 
        "fit": "parabolic", 
        "value": 0.0054308284129137288
    }, 
    "Ar37": {
        "error": 0.013726094549761932, 
        "fit": "linear", 
        "value": 0.16189947556307477
    }, 
    "Ar38": {
        "error": 0.017561745526402182, 
        "fit": "linear", 
        "value": -0.18550522045807777
    }, 
    "Ar39": {
        "error": 0.010013464363683954, 
        "fit": "parabolic", 
        "value": 0.009773099904440561
    }, 
    "Ar40": {
        "error": 0.023591219105756244, 
        "fit": "parabolic", 
        "value": 1.4271328714569227
    }, 
    "Ar41": {
        "error": 0.0062577732060628034, 
        "fit": "average", 
        "value": -0.04783476052187325
    }
}