{
    "Ar36": {
        "error": 0.00020042064789146244, 
        "fit": "parabolic", 
        "value": 0.005678461119057272
    }, 
    "Ar37": {
        "error": 0.013497445582909962, 
        "fit": "linear", 
        "value": 0.12200475669462332
    }, 
    "Ar38": {
        "error": 0.01616035792246643, 
        "fit": "linear", 
        "value": -0.18879279473502686
    }, 
    "Ar39": {
        "error": 0.0099166668260404385, 
        "fit": "parabolic", 
        "value": 0.0052153410583588126
    }, 
    "Ar40": {
        "error": 0.022364891085230845, 
        "fit": "parabolic", 
        "value": 1.5015978688435445
    }, 
    "Ar41": {
        "error": 0.0062839164094207218, 
        "fit": "average", 
        "value": -0.055620603905117603
    }
}