{
    "Ar36": {
        "error": 0.00022408344452031374, 
        "fit": "parabolic", 
        "value": 0.005681481103038369
    }, 
    "Ar37": {
        "error": 0.013950665203604284, 
        "fit": "linear", 
        "value": 0.14026480025803911
    }, 
    "Ar38": {
        "error": 0.016424044663597315, 
        "fit": "linear", 
        "value": -0.16963799945875979
    }, 
    "Ar39": {
        "error": 0.0096973926220969616, 
        "fit": "parabolic", 
        "value": 0.018556134817710738
    }, 
    "Ar40": {
        "error": 0.022861700198737716, 
        "fit": "parabolic", 
        "value": 1.5092832149220514
    }, 
    "Ar41": {
        "error": 0.0060229777648844072, 
        "fit": "average", 
        "value": -0.038582772392619515
    }
}