{
    "Ar36": {
        "error": 0.00020844388636996627, 
        "fit": "parabolic", 
        "value": 0.0048531222209915051
    }, 
    "Ar37": {
        "error": 0.013550738081386021, 
        "fit": "linear", 
        "value": 0.1540097693769899
    }, 
    "Ar38": {
        "error": 0.016034003751492842, 
        "fit": "linear", 
        "value": -0.17402584827961462
    }, 
    "Ar39": {
        "error": 0.0098096924936540673, 
        "fit": "parabolic", 
        "value": 0.011542665322003336
    }, 
    "Ar40": {
        "error": 0.022615987658843362, 
        "fit": "parabolic", 
        "value": 1.2683695297191697
    }, 
    "Ar41": {
        "error": 0.0060559416348203157, 
        "fit": "average", 
        "value": 0.21806163506873419
    }
}