{
    "Ar36": {
        "error": 0.00029525752521936301, 
        "fit": "parabolic", 
        "value": 0.0160318371200594
    }, 
    "Ar37": {
        "error": 0.013650573557079288, 
        "fit": "linear", 
        "value": 0.14635915978851469
    }, 
    "Ar38": {
        "error": 0.016772716951813156, 
        "fit": "linear", 
        "value": -0.18560056374616551
    }, 
    "Ar39": {
        "error": 0.0086815198352086613, 
        "fit": "parabolic", 
        "value": 0.0096306223135920188
    }, 
    "Ar40": {
        "error": 0.020977475563549133, 
        "fit": "parabolic", 
        "value": 4.7393425408402106
    }, 
    "Ar41": {
        "error": 0.0063829215907701053, 
        "fit": "average", 
        "value": -0.061812660851574039
    }
}