{
    "Ar36": {
        "error": 0.00021207478629550909, 
        "fit": "parabolic", 
        "value": 0.0052144490660782378
    }, 
    "Ar37": {
        "error": 0.013760477548639776, 
        "fit": "linear", 
        "value": 0.13486604847908062
    }, 
    "Ar38": {
        "error": 0.015557334592195023, 
        "fit": "linear", 
        "value": -0.19538162466681239
    }, 
    "Ar39": {
        "error": 0.0095503847396593827, 
        "fit": "parabolic", 
        "value": 0.011965501491720624
    }, 
    "Ar40": {
        "error": 0.024061295281280603, 
        "fit": "parabolic", 
        "value": 1.3492443938207344
    }, 
    "Ar41": {
        "error": 0.0061331650240033326, 
        "fit": "average", 
        "value": 0.20719424652343149
    }
}