{
    "Ar36": {
        "error": 0.00014439153032875024, 
        "fit": "parabolic", 
        "value": 0.0013123488871690135
    }, 
    "Ar37": {
        "error": 0.013439450066131444, 
        "fit": "linear", 
        "value": 0.18968804082417984
    }, 
    "Ar38": {
        "error": 0.01851260904296342, 
        "fit": "linear", 
        "value": -0.15969673275994717
    }, 
    "Ar39": {
        "error": 0.0097440443589902146, 
        "fit": "parabolic", 
        "value": 0.024818177629841197
    }, 
    "Ar40": {
        "error": 0.024595697968815562, 
        "fit": "parabolic", 
        "value": 0.36631745204417104
    }, 
    "Ar41": {
        "error": 0.0072875045700498122, 
        "fit": "average", 
        "value": 0.23310353125241817
    }
}