{
    "Ar36": {
        "error": 0.00022854554711263886, 
        "fit": "parabolic", 
        "value": 0.0093756498210559903
    }, 
    "Ar37": {
        "error": 0.013386788000467428, 
        "fit": "linear", 
        "value": 0.046279034922630108
    }, 
    "Ar38": {
        "error": 0.015318150309204236, 
        "fit": "linear", 
        "value": -0.16513448583736068
    }, 
    "Ar39": {
        "error": 0.020332401703188258, 
        "fit": "parabolic", 
        "value": 0.00070515794778929592
    }, 
    "Ar40": {
        "error": 0.021949392290810478, 
        "fit": "parabolic", 
        "value": 2.7747927720075864
    }, 
    "Ar41": {
        "error": 0.0058770179011012518, 
        "fit": "average", 
        "value": -0.047764267095626561
    }
}