{
    "Ar36": {
        "error": 0.00014979046881091754, 
        "fit": "parabolic", 
        "value": 0.0023894981878829248
    }, 
    "Ar37": {
        "error": 0.014951327218113729, 
        "fit": "linear", 
        "value": 0.0108624443040868
    }, 
    "Ar38": {
        "error": 0.013030146387971144, 
        "fit": "linear", 
        "value": -0.15395444522973847
    }, 
    "Ar39": {
        "error": 0.020721316753838211, 
        "fit": "parabolic", 
        "value": -0.002491702779680134
    }, 
    "Ar40": {
        "error": 0.022861675530197582, 
        "fit": "parabolic", 
        "value": 0.57444813157247632
    }, 
    "Ar41": {
        "error": 0.0064664760321195324, 
        "fit": "average", 
        "value": -0.054568919136604561
    }
}